{"cameraMode":{"drawMode":0,"name":"Shaded","section":"Shading Mode"},"sceneLighting":true,"audioPlay":false,"sceneViewState":{"m_AlwaysRefresh":false,"showFog":true,"showSkybox":false,"showFlares":true,"showImageEffects":true,"showParticleSystems":true,"showVisualEffectGraphs":true,"m_FxEnabled":true},"in2DMode":false,"pivot":{"x":-0.6693066358566284,"y":0.547297477722168,"z":0.21831941604614259},"rotation":{"x":-0.023766322061419488,"y":0.9759597778320313,"z":-0.14032937586307527,"w":-0.1652158796787262},"size":2.197986125946045,"orthographic":false}