{"cameraMode":{"drawMode":0,"name":"Shaded","section":"Shading Mode"},"sceneLighting":true,"audioPlay":false,"sceneViewState":{"m_AlwaysRefresh":false,"showFog":true,"showSkybox":false,"showFlares":true,"showImageEffects":true,"showParticleSystems":true,"showVisualEffectGraphs":true,"m_FxEnabled":true},"in2DMode":false,"pivot":{"x":0.7479079365730286,"y":1.3224729299545289,"z":-0.1702064871788025},"rotation":{"x":0.00016350389341823757,"y":0.9986257553100586,"z":-0.052785567939281467,"w":0.0032989035826176407},"size":1.6969603300094605,"orthographic":false}